{
  "max_int": 9223372036854775807,
  "min_int": -9223372036854775807,
  "max_float_part": 2147483647.99999999,
  "zero_float": -0.00000001,
  "edge_float": 0.00000000,
  "small_int": 0
}